<?xml version="1.0" encoding="utf-8" ?>
<ThingDefs>
	<ThingDef ParentName="ArmorHelmetMakeableBase">
		<defName>Apparel_TanookiHood</defName>
		<label>Tanooki Hood</label>
		<description>A hood for tanooki-like knowledge.</description>
		<techLevel>Industrial</techLevel>
		<graphicData>
			<texPath>Apparel/AnimalCostumes/Tanooki/Hood</texPath>
			<graphicClass>Graphic_Single</graphicClass>
		</graphicData>
		<recipeMaker>
			<researchPrerequisite>AnimalCostumes</researchPrerequisite>
		</recipeMaker>
		<stuffCategories>
			<li>Fabric</li>
			<li>Leathery</li>
		</stuffCategories>
		<costStuffCount>150</costStuffCount>
		<costList>
			<Component>2</Component>
			<Steel>50</Steel>
			<Plasteel>5</Plasteel>
		</costList>
		<statBases>
			<WorkToMake>37500</WorkToMake>
			<MaxHitPoints>225</MaxHitPoints>
			<Mass>1.5</Mass>
			<ArmorRating_Blunt>0.225</ArmorRating_Blunt>
			<ArmorRating_Sharp>0.225</ArmorRating_Sharp>
			<ArmorRating_Heat>0.225</ArmorRating_Heat>
			<ArmorRating_Electric>0.1</ArmorRating_Electric>
			<ComfyTemperatureMin>-10</ComfyTemperatureMin>
			<ComfyTemperatureMax>-2</ComfyTemperatureMax>
			<Insulation_Cold>-10</Insulation_Cold>
			<Insulation_Heat>-2</Insulation_Heat>
		</statBases>
		<equippedStatOffsets>
			<TameAnimalChance>0.05</TameAnimalChance>
			<TrainAnimalChance>0.05</TrainAnimalChance>
			<MentalBreakThreshold>-0.05</MentalBreakThreshold>
			<GlobalLearningFactor>0.05</GlobalLearningFactor>
			<PsychicSensitivity>-0.05</PsychicSensitivity>
			<AimingDelayFactor>0.05</AimingDelayFactor>
			<ShootingAccuracy>-0.05</ShootingAccuracy>
			<SocialImpact>0.05</SocialImpact>
			<TradePriceImprovement>0.05</TradePriceImprovement>
			<GiftImpact>0.05</GiftImpact>
			<RecruitPrisonerChance>0.05</RecruitPrisonerChance>
			<PsychicSensitivity>-0.05</PsychicSensitivity>
			<MedicalTendQuality>0.05</MedicalTendQuality>
			<MedicalSurgerySuccessChance>0.05</MedicalSurgerySuccessChance>
			<PlantHarvestYield>0.05</PlantHarvestYield>
			<ConstructSuccessChance>0.05</ConstructSuccessChance>
			<ButcheryMechanoidEfficiency>0.05</ButcheryMechanoidEfficiency>
			<MiningYield>0.05</MiningYield>
			<PlantHarvestYield>0.05</PlantHarvestYield>
		</equippedStatOffsets>
		<apparel>
			<bodyPartGroups>
				<li>FullHead</li>
			</bodyPartGroups>
			<worngraphicPath>Apparel/AnimalCostumes/Tanooki/Hood</worngraphicPath>
			<layers>
				<li>Overhead</li>
			</layers>
			<tags>
				<li>Tribal</li>
				<li>Outlander</li>
				<li>TribalTrader</li>
				<li>OutlanderTrader</li>
			</tags>
			<defaultOutfitTags>
				<li>Worker</li>
			</defaultOutfitTags>
		</apparel>
	</ThingDef>

	<ThingDef ParentName="ArmorHelmetMakeableBase">
		<defName>Apparel_CatHood</defName>
		<label>Cat Hood</label>
		<description>The hood for a cat costumes.</description>
		<techLevel>Spacer</techLevel>
		<graphicData>
			<texPath>Apparel/AnimalCostumes/Cat/Hood</texPath>
			<graphicClass>Graphic_Single</graphicClass>
		</graphicData>
		<recipeMaker>
			<researchPrerequisite>CombatAnimalCostumes</researchPrerequisite>
		</recipeMaker>
		<stuffCategories>
			<li>Fabric</li>
			<li>Leathery</li>
		</stuffCategories>
		<costStuffCount>150</costStuffCount>
		<costList>
			<Component>5</Component>
			<Plasteel>50</Plasteel>
		</costList>
		<statBases>
			<WorkToMake>42000</WorkToMake>
			<MaxHitPoints>160</MaxHitPoints>
			<Mass>1.5</Mass>
			<ArmorRating_Blunt>0.475</ArmorRating_Blunt>
			<ArmorRating_Sharp>0.475</ArmorRating_Sharp>
			<ArmorRating_Heat>0.25</ArmorRating_Heat>
			<ComfyTemperatureMin>-10</ComfyTemperatureMin>
			<ComfyTemperatureMax>-2</ComfyTemperatureMax>
			<Insulation_Cold>-10</Insulation_Cold>
			<Insulation_Heat>-2</Insulation_Heat>
		</statBases>
		<equippedStatOffsets>
			<AimingDelayFactor>0.05</AimingDelayFactor>
			<ShootingAccuracy>-0.05</ShootingAccuracy>
			<MeleeHitChance>0.05</MeleeHitChance>
			<MeleeDodgeChance>0.05</MeleeDodgeChance>
		</equippedStatOffsets>
		<apparel>
			<bodyPartGroups>
				<li>FullHead</li>
			</bodyPartGroups>
			<worngraphicPath>Apparel/AnimalCostumes/Cat/Hood</worngraphicPath>
			<layers>
				<li>Overhead</li>
			</layers>
			<tags>
				<li>Tribal</li>
				<li>Outlander</li>
			</tags>
			<defaultOutfitTags>
				<li>Soldier</li>
			</defaultOutfitTags>
		</apparel>
	</ThingDef>

	<ThingDef ParentName="ArmorHelmetMakeableBase">
		<defName>Apparel_DogHood</defName>
		<label>Dog Hood</label>
		<description>The hood for a dog costumes.</description>
		<techLevel>Spacer</techLevel>
		<graphicData>
			<texPath>Apparel/AnimalCostumes/Dog/Hood</texPath>
			<graphicClass>Graphic_Single</graphicClass>
		</graphicData>
		<recipeMaker>
			<researchPrerequisite>CombatAnimalCostumes</researchPrerequisite>
		</recipeMaker>
		<stuffCategories>
			<li>Fabric</li>
			<li>Leathery</li>
		</stuffCategories>
		<costStuffCount>150</costStuffCount>
		<costList>
			<Component>5</Component>
			<Plasteel>50</Plasteel>
		</costList>
		<statBases>
			<WorkToMake>42000</WorkToMake>
			<MaxHitPoints>160</MaxHitPoints>
			<Mass>1.5</Mass>
			<ArmorRating_Blunt>0.35</ArmorRating_Blunt>
			<ArmorRating_Sharp>0.6</ArmorRating_Sharp>
			<ArmorRating_Heat>0.25</ArmorRating_Heat>
			<ComfyTemperatureMin>-10</ComfyTemperatureMin>
			<ComfyTemperatureMax>-2</ComfyTemperatureMax>
			<Insulation_Cold>-10</Insulation_Cold>
			<Insulation_Heat>-2</Insulation_Heat>
		</statBases>
		<equippedStatOffsets>
			<AimingDelayFactor>-0.05</AimingDelayFactor>
			<ShootingAccuracy>0.05</ShootingAccuracy>
			<MeleeHitChance>-0.02</MeleeHitChance>
			<MeleeDodgeChance>-0.02</MeleeDodgeChance>
		</equippedStatOffsets>
		<apparel>
			<bodyPartGroups>
				<li>FullHead</li>
			</bodyPartGroups>
			<worngraphicPath>Apparel/AnimalCostumes/Dog/Hood</worngraphicPath>
			<layers>
				<li>Overhead</li>
			</layers>
			<tags>
				<li>Tribal</li>
				<li>Outlander</li>
			</tags>
			<defaultOutfitTags>
				<li>Soldier</li>
			</defaultOutfitTags>
		</apparel>
	</ThingDef>
</ThingDefs>