<?xml version="1.0" encoding="utf-8" ?>
<ThingDefs>
	<ThingDef ParentName="ApparelMakeableBase">
		<defName>Apparel_TanookiTail</defName>
		<label>Tanooki Tail</label>
		<description>A tanooki tail.</description>
		<graphicData>
			<texPath>Apparel/AnimalCostumes/Tanooki/Tail</texPath>
			<graphicClass>Graphic_Single</graphicClass>
		</graphicData>
		<recipeMaker>
			<unfinishedThingDef>UnfinishedApparel</unfinishedThingDef>
			<researchPrerequisite>AnimalTailsAndEars</researchPrerequisite>
		</recipeMaker>
		<stuffCategories>
			<li>Fabric</li>
			<li>Leathery</li>
		</stuffCategories>
		<thingCategories>
			<li>Apparel</li>
		</thingCategories>
		<costStuffCount>85</costStuffCount>
		<costList>
			<Steel>10</Steel>
		</costList>
		<statBases>
			<WorkToMake>15000</WorkToMake>
			<MaxHitPoints>200</MaxHitPoints>
			<Mass>2</Mass>
		</statBases>
		<equippedStatOffsets>
			<MoveSpeed>0.05</MoveSpeed>
			<TameAnimalChance>0.01</TameAnimalChance>
			<TrainAnimalChance>0.01</TrainAnimalChance>
			<ToxicSensitivity>-0.01</ToxicSensitivity>
			<ShootingAccuracy>-0.01</ShootingAccuracy>
			<MeleeHitChance>-0.01</MeleeHitChance>
			<SocialImpact>0.01</SocialImpact>
			<RecruitPrisonerChance>0.01</RecruitPrisonerChance>
			<MedicalTendSpeed>0.02</MedicalTendSpeed>
			<StonecuttingSpeed>0.01</StonecuttingSpeed>
			<ConstructionSpeed>0.01</ConstructionSpeed>
			<SmithingSpeed>0.01</SmithingSpeed>
			<SmeltingSpeed>0.01</SmeltingSpeed>
			<ButcheryMechanoidSpeed>0.01</ButcheryMechanoidSpeed>
			<SmoothingSpeed>0.01</SmoothingSpeed>
			<EatingSpeed>0.01</EatingSpeed>
			<BedRestEffectiveness>0.01</BedRestEffectiveness>
			<WorkSpeedGlobal>0.01</WorkSpeedGlobal>
		</equippedStatOffsets>
		<apparel>
			<bodyPartGroups>
				<li>Torso</li>
			</bodyPartGroups>
			<worngraphicPath>Apparel/AnimalCostumes/Tanooki/Tail</worngraphicPath>
			<layers>
				<li>Middle</li>
			</layers>
			<tags>
				<li>Tribal</li>
				<li>Outlander</li>
				<li>TribalTrader</li>
				<li>OutlanderTrader</li>
			</tags>
			<defaultOutfitTags>
				<li>Worker</li>
			</defaultOutfitTags>
		</apparel>
	</ThingDef>

	<ThingDef ParentName="ApparelMakeableBase">
		<defName>Apparel_CatTail</defName>
		<label>Cat Tail</label>
		<description>A tail for cat-like reflexes.</description>
		<graphicData>
			<texPath>Apparel/AnimalCostumes/Cat/Tail</texPath>
			<graphicClass>Graphic_Single</graphicClass>
		</graphicData>
		<recipeMaker>
			<unfinishedThingDef>UnfinishedApparel</unfinishedThingDef>
			<researchPrerequisite>CombatAnimalTailsAndEars</researchPrerequisite>
		</recipeMaker>
		<stuffCategories>
			<li>Fabric</li>
			<li>Leathery</li>
		</stuffCategories>
		<thingCategories>
			<li>Apparel</li>
		</thingCategories>
		<costStuffCount>100</costStuffCount>
		<costList>
			<Steel>60</Steel>
		</costList>
		<statBases>
			<WorkToMake>21000</WorkToMake>
			<MaxHitPoints>200</MaxHitPoints>
			<Mass>2</Mass>
			<ArmorRating_Blunt>0.2</ArmorRating_Blunt>
			<ArmorRating_Sharp>0.6</ArmorRating_Sharp>
		</statBases>
		<equippedStatOffsets>
			<MoveSpeed>0.1</MoveSpeed>
			<MeleeHitChance>0.01</MeleeHitChance>
			<MeleeDodgeChance>0.01</MeleeDodgeChance>
			<AimingDelayFactor>0.01</AimingDelayFactor>
			<ShootingAccuracy>-0.01</ShootingAccuracy>
		</equippedStatOffsets>
		<apparel>
			<bodyPartGroups>
				<li>Torso</li>
			</bodyPartGroups>
			<worngraphicPath>Apparel/AnimalCostumes/Cat/Tail</worngraphicPath>
			<layers>
				<li>Middle</li>
			</layers>
			<tags>
				<li>Tribal</li>
				<li>Outlander</li>
			</tags>
			<defaultOutfitTags>
				<li>Soldier</li>
			</defaultOutfitTags>
		</apparel>
	</ThingDef>


	<ThingDef ParentName="ApparelMakeableBase">
		<defName>Apparel_DogTail</defName>
		<label>Dog Tail</label>
		<description>A tail for dog-like senses.</description>
		<graphicData>
			<texPath>Apparel/AnimalCostumes/Dog/Tail</texPath>
			<graphicClass>Graphic_Single</graphicClass>
		</graphicData>
		<recipeMaker>
			<unfinishedThingDef>UnfinishedApparel</unfinishedThingDef>
			<researchPrerequisite>CombatAnimalTailsAndEars</researchPrerequisite>
		</recipeMaker>
		<stuffCategories>
			<li>Fabric</li>
			<li>Leathery</li>
		</stuffCategories>
		<thingCategories>
			<li>Apparel</li>
		</thingCategories>
		<costStuffCount>100</costStuffCount>
		<costList>
			<Steel>60</Steel>
		</costList>
		<statBases>
			<WorkToMake>21000</WorkToMake>
			<MaxHitPoints>200</MaxHitPoints>
			<Mass>2</Mass>
			<ArmorRating_Blunt>0.2</ArmorRating_Blunt>
			<ArmorRating_Sharp>0.6</ArmorRating_Sharp>
		</statBases>
		<equippedStatOffsets>
			<MoveSpeed>0.05</MoveSpeed>
			<AimingDelayFactor>-0.01</AimingDelayFactor>
			<ShootingAccuracy>0.01</ShootingAccuracy>
			<MeleeHitChance>-0.01</MeleeHitChance>
			<MeleeDodgeChance>-0.01</MeleeDodgeChance>
		</equippedStatOffsets>
		<apparel>
			<bodyPartGroups>
				<li>Torso</li>
			</bodyPartGroups>
			<worngraphicPath>Apparel/AnimalCostumes/Dog/Tail</worngraphicPath>
			<layers>
				<li>Middle</li>
			</layers>
			<tags>
				<li>Tribal</li>
				<li>Outlander</li>
			</tags>
			<defaultOutfitTags>
				<li>Soldier</li>
			</defaultOutfitTags>
		</apparel>
	</ThingDef>
</ThingDefs>