<?xml version="1.0" encoding="utf-8" ?>
<ThingDefs>
	<ThingDef ParentName="ArmorMakeableBase">
		<defName>Apparel_TanookiCostume</defName>
		<label>Tanooki Costume</label>
		<description>A costume for tanooki-like knowledge.</description>
		<graphicData>
			<texPath>Apparel/AnimalCostumes/Tanooki/Body</texPath>
			<graphicClass>Graphic_Single</graphicClass>
		</graphicData>
		<techLevel>Industrial</techLevel>
		<recipeMaker>
			<unfinishedThingDef>UnfinishedApparel</unfinishedThingDef>
			<researchPrerequisite>AnimalCostumes</researchPrerequisite>
		</recipeMaker>
		<stuffCategories>
			<li>Fabric</li>
			<li>Leathery</li>
		</stuffCategories>
		<thingCategories>
			<li>Apparel</li>
		</thingCategories>
		<costStuffCount>250</costStuffCount>
		<costList>
			<Component>4</Component>
			<Steel>75</Steel>
			<Plasteel>15</Plasteel>
		</costList>
		<statBases>
			<WorkToMake>50000</WorkToMake>
			<MaxHitPoints>500</MaxHitPoints>
			<Mass>5</Mass>
			<ArmorRating_Blunt>0.225</ArmorRating_Blunt>
			<ArmorRating_Sharp>0.225</ArmorRating_Sharp>
			<ArmorRating_Heat>0.225</ArmorRating_Heat>
			<ComfyTemperatureMin>-35</ComfyTemperatureMin>
			<ComfyTemperatureMax>-5</ComfyTemperatureMax>
			<Insulation_Cold>-35</Insulation_Cold>
			<Insulation_Heat>-5</Insulation_Heat>
		</statBases>
		<equippedStatOffsets>
			<MoveSpeed>0.4</MoveSpeed>
			<TameAnimalChance>0.05</TameAnimalChance>
			<TrainAnimalChance>0.05</TrainAnimalChance>
			<ToxicSensitivity>-0.05</ToxicSensitivity>
			<ShootingAccuracy>-0.05</ShootingAccuracy>
			<MeleeHitChance>-0.05</MeleeHitChance>
			<SocialImpact>0.05</SocialImpact>
			<RecruitPrisonerChance>0.05</RecruitPrisonerChance>
			<MedicalTendSpeed>0.05</MedicalTendSpeed>
			<StonecuttingSpeed>0.05</StonecuttingSpeed>
			<ConstructionSpeed>0.05</ConstructionSpeed>
			<SmithingSpeed>0.05</SmithingSpeed>
			<SmeltingSpeed>0.05</SmeltingSpeed>
			<ButcheryMechanoidSpeed>0.05</ButcheryMechanoidSpeed>
			<SmoothingSpeed>0.05</SmoothingSpeed>
			<EatingSpeed>0.05</EatingSpeed>
			<BedRestEffectiveness>0.05</BedRestEffectiveness>
			<WorkSpeedGlobal>0.05</WorkSpeedGlobal>
		</equippedStatOffsets>
		<apparel>
			<bodyPartGroups>
				<li>Neck</li>
				<li>Torso</li>
				<li>Shoulders</li>
				<li>Arms</li>
				<li>Legs</li>
			</bodyPartGroups>
			<worngraphicPath>Apparel/AnimalCostumes/Tanooki/Body</worngraphicPath>
			<layers>
				<li>Shell</li>
				<li>Middle</li>
			</layers>
			<tags>
				<li>Tribal</li>
				<li>Outlander</li>
				<li>TribalTrader</li>
				<li>OutlanderTrader</li>
			</tags>
			<defaultOutfitTags>
				<li>Worker</li>
			</defaultOutfitTags>
		</apparel>
	</ThingDef>
	
		<ThingDef ParentName="ArmorMakeableBase">
		<defName>Apparel_CatCostume</defName>
		<label>Cat Costume</label>
		<description>A costume for cat-like reflexes.</description>
		<graphicData>
			<texPath>Apparel/AnimalCostumes/Cat/Body</texPath>
			<graphicClass>Graphic_Single</graphicClass>
		</graphicData>
		<techLevel>Spacer</techLevel>
		<recipeMaker>
			<unfinishedThingDef>UnfinishedApparel</unfinishedThingDef>
			<researchPrerequisite>CombatAnimalCostumes</researchPrerequisite>
		</recipeMaker>
		<stuffCategories>
			<li>Fabric</li>
			<li>Leathery</li>
		</stuffCategories>
		<thingCategories>
			<li>Apparel</li>
		</thingCategories>
		<costStuffCount>400</costStuffCount>
		<costList>
			<Component>12</Component>
			<Plasteel>100</Plasteel>
		</costList>
		<statBases>
			<WorkToMake>180000</WorkToMake>
			<MaxHitPoints>340</MaxHitPoints>
			<Mass>5</Mass>
			<ArmorRating_Blunt>0.5</ArmorRating_Blunt>
			<ArmorRating_Sharp>0.5</ArmorRating_Sharp>
			<ArmorRating_Heat>0.2</ArmorRating_Heat>
			<ComfyTemperatureMin>-35</ComfyTemperatureMin>
			<ComfyTemperatureMax>-5</ComfyTemperatureMax>
			<Insulation_Cold>-35</Insulation_Cold>
			<Insulation_Heat>-5</Insulation_Heat>
		</statBases>
		<equippedStatOffsets>
			<MoveSpeed>0.6</MoveSpeed>
			<AimingDelayFactor>0.05</AimingDelayFactor>
			<ShootingAccuracy>-0.05</ShootingAccuracy>
			<MeleeHitChance>0.05</MeleeHitChance>
			<MeleeDodgeChance>0.05</MeleeDodgeChance>
		</equippedStatOffsets>
		<apparel>
			<bodyPartGroups>
				<li>Neck</li>
				<li>Torso</li>
				<li>Shoulders</li>
				<li>Arms</li>
				<li>Legs</li>
			</bodyPartGroups>
			<worngraphicPath>Apparel/AnimalCostumes/Cat/Body</worngraphicPath>
			<layers>
				<li>Shell</li>
				<li>Middle</li>
			</layers>
			<tags>
				<li>Tribal</li>
				<li>Outlander</li>
			</tags>
			<defaultOutfitTags>
				<li>Soldier</li>
			</defaultOutfitTags>
		</apparel>
	</ThingDef>


	<ThingDef ParentName="ArmorMakeableBase">
		<defName>Apparel_DogCostume</defName>
		<label>Dog Costume</label>
		<description>A costume for dog-like senses.</description>
		<graphicData>
			<texPath>Apparel/AnimalCostumes/Dog/Body</texPath>
			<graphicClass>Graphic_Single</graphicClass>
		</graphicData>
		<techLevel>Spacer</techLevel>
		<recipeMaker>
			<unfinishedThingDef>UnfinishedApparel</unfinishedThingDef>
			<researchPrerequisite>CombatAnimalCostumes</researchPrerequisite>
		</recipeMaker>
		<stuffCategories>
			<li>Fabric</li>
			<li>Leathery</li>
		</stuffCategories>
		<thingCategories>
			<li>Apparel</li>
		</thingCategories>
		<costStuffCount>400</costStuffCount>
		<costList>
			<Component>12</Component>
			<Plasteel>100</Plasteel>
		</costList>
		<statBases>
			<WorkToMake>180000</WorkToMake>
			<MaxHitPoints>340</MaxHitPoints>
			<Mass>5</Mass>
			<ArmorRating_Blunt>0.3</ArmorRating_Blunt>
			<ArmorRating_Sharp>0.7</ArmorRating_Sharp>
			<ArmorRating_Heat>0.2</ArmorRating_Heat>
			<ComfyTemperatureMin>-35</ComfyTemperatureMin>
			<ComfyTemperatureMax>-5</ComfyTemperatureMax>
			<Insulation_Cold>-35</Insulation_Cold>
			<Insulation_Heat>-5</Insulation_Heat>
		</statBases>
		<equippedStatOffsets>
			<MoveSpeed>0.4</MoveSpeed>
			<AimingDelayFactor>-0.05</AimingDelayFactor>
			<ShootingAccuracy>0.05</ShootingAccuracy>
			<MeleeHitChance>-0.02</MeleeHitChance>
			<MeleeDodgeChance>-0.02</MeleeDodgeChance>
		</equippedStatOffsets>
		<apparel>
			<bodyPartGroups>
				<li>Neck</li>
				<li>Torso</li>
				<li>Shoulders</li>
				<li>Arms</li>
				<li>Legs</li>
			</bodyPartGroups>
			<worngraphicPath>Apparel/AnimalCostumes/Dog/Body</worngraphicPath>
			<layers>
				<li>Shell</li>
				<li>Middle</li>
			</layers>
			<tags>
				<li>Tribal</li>
				<li>Outlander</li>
			</tags>
			<defaultOutfitTags>
				<li>Soldier</li>
			</defaultOutfitTags>
		</apparel>
	</ThingDef>
</ThingDefs>