<?xml version="1.0" encoding="utf-8" ?>
<ThingDefs>
	<ThingDef ParentName="HatMakeableBase">
		<defName>Apparel_TanookiEars</defName>
		<label>Tanooki Ears</label>
		<description>A set of tanooki ears.</description>
		<graphicData>
			<texPath>Apparel/AnimalCostumes/Tanooki/Ears</texPath>
			<graphicClass>Graphic_Single</graphicClass>
		</graphicData>
		<techLevel>Medieval</techLevel>
		<recipeMaker>
			<researchPrerequisite>AnimalTailsAndEars</researchPrerequisite>
		</recipeMaker>
		<stuffCategories>
			<li>Fabric</li>
			<li>Leathery</li>
		</stuffCategories>
		<costStuffCount>50</costStuffCount>
		<costList>
			<Steel>5</Steel>
		</costList>
		<statBases>
			<WorkToMake>5000</WorkToMake>
			<MaxHitPoints>100</MaxHitPoints>
			<Mass>0.5</Mass>
		</statBases>
		<equippedStatOffsets>
			<TameAnimalChance>0.01</TameAnimalChance>
			<TrainAnimalChance>0.01</TrainAnimalChance>
			<MentalBreakThreshold>-0.01</MentalBreakThreshold>
			<GlobalLearningFactor>0.01</GlobalLearningFactor>
			<PsychicSensitivity>-0.01</PsychicSensitivity>
			<AimingDelayFactor>0.01</AimingDelayFactor>
			<ShootingAccuracy>-0.01</ShootingAccuracy>
			<SocialImpact>0.01</SocialImpact>
			<TradePriceImprovement>0.01</TradePriceImprovement>
			<GiftImpact>0.01</GiftImpact>
			<RecruitPrisonerChance>0.01</RecruitPrisonerChance>
			<PsychicSensitivity>-0.01</PsychicSensitivity>
			<MedicalTendQuality>0.01</MedicalTendQuality>
			<MedicalSurgerySuccessChance>0.01</MedicalSurgerySuccessChance>
			<PlantHarvestYield>0.01</PlantHarvestYield>
			<ConstructSuccessChance>0.01</ConstructSuccessChance>
			<ButcheryMechanoidEfficiency>0.01</ButcheryMechanoidEfficiency>
			<MiningYield>0.01</MiningYield>
			<PlantHarvestYield>0.01</PlantHarvestYield>
		</equippedStatOffsets>
		<apparel>
			<bodyPartGroups>
				<li>FullHead</li>
			</bodyPartGroups>
			<worngraphicPath>Apparel/AnimalCostumes/Tanooki/Ears</worngraphicPath>
			<layers>
				<li>Overhead</li>
			</layers>
			<tags>
				<li>Tribal</li>
				<li>Outlander</li>
				<li>TribalTrader</li>
				<li>OutlanderTrader</li>
			</tags>
			<defaultOutfitTags>
				<li>Worker</li>
			</defaultOutfitTags>
		</apparel>
	</ThingDef>

	<ThingDef ParentName="HatMakeableBase">
		<defName>Apparel_TuqueTanookiEars</defName>
		<label>Tanooki Ears Tuque</label>
		<description>A set of tanooki ears on a tuque.</description>
		<graphicData>
			<texPath>Apparel/AnimalCostumes/Tanooki/Tuque</texPath>
			<graphicClass>Graphic_Single</graphicClass>
		</graphicData>
		<techLevel>Medieval</techLevel>
		<recipeMaker>
			<researchPrerequisite>AnimalTailsAndEars</researchPrerequisite>
		</recipeMaker>
		<stuffCategories>
			<li>Fabric</li>
			<li>Leathery</li>
		</stuffCategories>
		<costStuffCount>75</costStuffCount>
		<costList>
			<Steel>5</Steel>
		</costList>
		<statBases>
			<WorkToMake>6000</WorkToMake>
			<MaxHitPoints>150</MaxHitPoints>
			<Mass>0.5</Mass>
			<ArmorRating_Blunt>0.1</ArmorRating_Blunt>
			<ArmorRating_Sharp>0.1</ArmorRating_Sharp>
			<Beauty>2</Beauty>
			<Insulation_Cold>-10</Insulation_Cold>
			<Insulation_Heat>-2</Insulation_Heat>
		</statBases>
		<equippedStatOffsets>
			<MoveSpeed>0.1</MoveSpeed>
			<TameAnimalChance>0.02</TameAnimalChance>
			<TrainAnimalChance>0.02</TrainAnimalChance>
			<MentalBreakThreshold>-0.025</MentalBreakThreshold>
			<GlobalLearningFactor>0.02</GlobalLearningFactor>
			<PsychicSensitivity>-0.025</PsychicSensitivity>
			<ToxicSensitivity>-0.025</ToxicSensitivity>
			<AimingDelayFactor>0.025</AimingDelayFactor>
			<ShootingAccuracy>-0.025</ShootingAccuracy>
			<MeleeHitChance>-0.025</MeleeHitChance>
			<FoodPoisonChance>-0.025</FoodPoisonChance>
			<ImmunityGainSpeed>0.025</ImmunityGainSpeed>
			<SocialImpact>0.2</SocialImpact>
			<TradePriceImprovement>0.05</TradePriceImprovement>
			<GiftImpact>0.05</GiftImpact>
			<RecruitPrisonerChance>0.02</RecruitPrisonerChance>
			<PsychicSensitivity>-0.02</PsychicSensitivity>
			<MiningSpeed>0.02</MiningSpeed>
			<PlantWorkSpeed>0.02</PlantWorkSpeed>
			<ConstructionSpeed>0.02</ConstructionSpeed>
			<FixBrokenDownBuildingSuccessChance>0.025</FixBrokenDownBuildingSuccessChance>
			<WorkTableWorkSpeedFactor>0.02</WorkTableWorkSpeedFactor>
			<MedicalTendSpeed>0.02</MedicalTendSpeed>
			<MedicalTendQuality>0.02</MedicalTendQuality>
			<MedicalSurgerySuccessChance>0.02</MedicalSurgerySuccessChance>
			<EatingSpeed>0.02</EatingSpeed>
			<MiningYield>0.02</MiningYield>
			<SmoothingSpeed>0.02</SmoothingSpeed>
			<MechanoidOperationSuccessChance>0.025</MechanoidOperationSuccessChance>
			<PlantHarvestYield>0.02</PlantHarvestYield>
			<ConstructSuccessChance>0.02</ConstructSuccessChance>
			<AnimalGatherSpeed>0.02</AnimalGatherSpeed>
			<AnimalGatherYield>0.02</AnimalGatherYield>
			<BedRestEffectiveness>0.02</BedRestEffectiveness>
			<StonecuttingSpeed>0.02</StonecuttingSpeed>
			<ConstructionSpeed>0.02</ConstructionSpeed>
			<SmithingSpeed>0.02</SmithingSpeed>
			<SmeltingSpeed>0.02</SmeltingSpeed>
			<ButcheryMechanoidSpeed>0.02</ButcheryMechanoidSpeed>
			<ButcheryMechanoidEfficiency>0.02</ButcheryMechanoidEfficiency>
			<CarryingCapacity>5</CarryingCapacity>
		</equippedStatOffsets>
		<apparel>
			<bodyPartGroups>
				<li>FullHead</li>
			</bodyPartGroups>
			<worngraphicPath>Apparel/AnimalCostumes/Tanooki/Tuque</worngraphicPath>
			<layers>
				<li>Overhead</li>
			</layers>
			<tags>
				<li>Tribal</li>
				<li>Outlander</li>
				<li>TribalTrader</li>
				<li>OutlanderTrader</li>
			</tags>
			<defaultOutfitTags>
				<li>Worker</li>
			</defaultOutfitTags>
		</apparel>
	</ThingDef>

	<ThingDef ParentName="HatMakeableBase">
		<defName>Apparel_CatEars</defName>
		<label>Cat Ears</label>
		<description>A set of cat ears.</description>
		<techLevel>Industrial</techLevel>
		<graphicData>
			<texPath>Apparel/AnimalCostumes/Cat/Ears</texPath>
			<graphicClass>Graphic_Single</graphicClass>
		</graphicData>
		<recipeMaker>
			<researchPrerequisite>CombatAnimalTailsAndEars</researchPrerequisite>
		</recipeMaker>
		<stuffCategories>
			<li>Fabric</li>
			<li>Leathery</li>
		</stuffCategories>
		<costStuffCount>75</costStuffCount>
		<costList>
			<Steel>40</Steel>
		</costList>
		<statBases>
			<WorkToMake>12500</WorkToMake>
			<MaxHitPoints>200</MaxHitPoints>
			<Mass>1</Mass>
			<ArmorRating_Blunt>0.25</ArmorRating_Blunt>
			<ArmorRating_Sharp>0.35</ArmorRating_Sharp>
			<Beauty>2</Beauty>
		</statBases>
		<equippedStatOffsets>
			<AimingDelayFactor>0.01</AimingDelayFactor>
			<ShootingAccuracy>-0.01</ShootingAccuracy>
			<MeleeHitChance>0.01</MeleeHitChance>
			<MeleeDodgeChance>0.01</MeleeDodgeChance>
		</equippedStatOffsets>
		<apparel>
			<bodyPartGroups>
				<li>FullHead</li>
			</bodyPartGroups>
			<worngraphicPath>Apparel/AnimalCostumes/Cat/Ears</worngraphicPath>
			<layers>
				<li>Overhead</li>
			</layers>
			<tags>
				<li>Tribal</li>
				<li>Outlander</li>
			</tags>
			<defaultOutfitTags>
				<li>Soldier</li>
			</defaultOutfitTags>
		</apparel>
	</ThingDef>

	<ThingDef ParentName="HatMakeableBase">
		<defName>Apparel_TuqueCatEars</defName>
		<label>Cat Ears Tuque</label>
		<description>A set of cat ears on a tuque.</description>
		<techLevel>Industrial</techLevel>
		<graphicData>
			<texPath>Apparel/AnimalCostumes/Cat/Tuque</texPath>
			<graphicClass>Graphic_Single</graphicClass>
		</graphicData>
		<recipeMaker>
			<researchPrerequisite>CombatAnimalTailsAndEars</researchPrerequisite>
		</recipeMaker>
		<stuffCategories>
			<li>Fabric</li>
			<li>Leathery</li>
		</stuffCategories>
		<costStuffCount>100</costStuffCount>
		<costList>
			<Steel>40</Steel>
		</costList>
		<statBases>
			<WorkToMake>13500</WorkToMake>
			<MaxHitPoints>200</MaxHitPoints>
			<Mass>1</Mass>
			<ArmorRating_Blunt>0.28</ArmorRating_Blunt>
			<ArmorRating_Sharp>0.38</ArmorRating_Sharp>
			<Insulation_Cold>-10</Insulation_Cold>
			<Insulation_Heat>-2</Insulation_Heat>
		</statBases>
		<equippedStatOffsets>
			<AimingDelayFactor>0.01</AimingDelayFactor>
			<ShootingAccuracy>-0.01</ShootingAccuracy>
			<MeleeHitChance>0.01</MeleeHitChance>
			<MeleeDodgeChance>0.01</MeleeDodgeChance>
		</equippedStatOffsets>
		<apparel>
			<bodyPartGroups>
				<li>FullHead</li>
			</bodyPartGroups>
			<worngraphicPath>Apparel/AnimalCostumes/Cat/Tuque</worngraphicPath>
			<layers>
				<li>Overhead</li>
			</layers>
			<tags>
				<li>Tribal</li>
				<li>Outlander</li>
			</tags>
			<defaultOutfitTags>
				<li>Soldier</li>
			</defaultOutfitTags>
		</apparel>
	</ThingDef>

	<ThingDef ParentName="HatMakeableBase">
		<defName>Apparel_DogEars</defName>
		<label>Dog Ears</label>
		<description>A set of dog ears.</description>
		<techLevel>Industrial</techLevel>
		<graphicData>
			<texPath>Apparel/AnimalCostumes/Dog/Ears</texPath>
			<graphicClass>Graphic_Single</graphicClass>
		</graphicData>
		<recipeMaker>
			<researchPrerequisite>CombatAnimalTailsAndEars</researchPrerequisite>
		</recipeMaker>
		<stuffCategories>
			<li>Fabric</li>
			<li>Leathery</li>
		</stuffCategories>
		<costStuffCount>75</costStuffCount>
		<costList>
			<Steel>40</Steel>
		</costList>
		<statBases>
			<WorkToMake>12500</WorkToMake>
			<MaxHitPoints>200</MaxHitPoints>
			<Mass>1</Mass>
			<ArmorRating_Blunt>0.15</ArmorRating_Blunt>
			<ArmorRating_Sharp>0.45</ArmorRating_Sharp>
		</statBases>
		<equippedStatOffsets>
			<AimingDelayFactor>-0.01</AimingDelayFactor>
			<ShootingAccuracy>0.01</ShootingAccuracy>
			<MeleeHitChance>-0.01</MeleeHitChance>
			<MeleeDodgeChance>-0.01</MeleeDodgeChance>
		</equippedStatOffsets>
		<apparel>
			<bodyPartGroups>
				<li>FullHead</li>
			</bodyPartGroups>
			<worngraphicPath>Apparel/AnimalCostumes/Dog/Ears</worngraphicPath>
			<layers>
				<li>Overhead</li>
			</layers>
			<tags>
				<li>Tribal</li>
				<li>Outlander</li>
			</tags>
			<defaultOutfitTags>
				<li>Soldier</li>
			</defaultOutfitTags>
		</apparel>
	</ThingDef>

	<ThingDef ParentName="HatMakeableBase">
		<defName>Apparel_TuqueDogEars</defName>
		<label>Dog Ears Tuque</label>
		<description>A set of dog ears on a tuque.</description>
		<techLevel>Industrial</techLevel>
		<graphicData>
			<texPath>Apparel/AnimalCostumes/Dog/Tuque</texPath>
			<graphicClass>Graphic_Single</graphicClass>
		</graphicData>
		<recipeMaker>
			<researchPrerequisite>CombatAnimalTailsAndEars</researchPrerequisite>
		</recipeMaker>
		<stuffCategories>
			<li>Fabric</li>
			<li>Leathery</li>
		</stuffCategories>
		<costStuffCount>100</costStuffCount>
		<costList>
			<Steel>40</Steel>
		</costList>
		<statBases>
			<WorkToMake>13500</WorkToMake>
			<MaxHitPoints>200</MaxHitPoints>
			<Mass>1</Mass>
			<ArmorRating_Blunt>0.18</ArmorRating_Blunt>
			<ArmorRating_Sharp>0.48</ArmorRating_Sharp>
			<Insulation_Cold>-10</Insulation_Cold>
			<Insulation_Heat>-2</Insulation_Heat>
		</statBases>
		<equippedStatOffsets>
			<AimingDelayFactor>-0.01</AimingDelayFactor>
			<ShootingAccuracy>0.01</ShootingAccuracy>
			<MeleeHitChance>-0.01</MeleeHitChance>
			<MeleeDodgeChance>-0.01</MeleeDodgeChance>
		</equippedStatOffsets>
		<apparel>
			<bodyPartGroups>
				<li>FullHead</li>
			</bodyPartGroups>
			<worngraphicPath>Apparel/AnimalCostumes/Dog/Tuque</worngraphicPath>
			<layers>
				<li>Overhead</li>
			</layers>
			<tags>
				<li>Tribal</li>
				<li>Outlander</li>
			</tags>
			<defaultOutfitTags>
				<li>Soldier</li>
			</defaultOutfitTags>
		</apparel>
	</ThingDef>
</ThingDefs>