﻿<?xml version="1.0" encoding="utf-8" ?>
<Defs>
	<ResearchProjectDef>
		<defName>CombatAnimalTailsAndEars</defName>
		<label>combat animal tails and ears</label>
		<description>Allows for the crafting of combat animal tails and ears accessories.</description>
		<baseCost>500</baseCost>
		<techLevel>Industrial</techLevel>
		<prerequisites>
			<li>Machining</li>
			<li>AnimalTailsAndEars</li>
		</prerequisites>
		<researchViewX>2</researchViewX>
		<researchViewY>5</researchViewY>
	</ResearchProjectDef>
</Defs>