<?xml version="1.0" encoding="utf-8" ?>
<Defs>
	<ResearchProjectDef>
		<defName>CombatAnimalCostumes</defName>
		<label>combat animal costumes</label>
		<description>Allows for the crafting of combat animal costumes imbued with animal traits.</description>
		<baseCost>250</baseCost>
		<techLevel>Spacer</techLevel>
		<prerequisites>
			<li>AnimalCostumes</li>
			<li>CombatAnimalTailsAndEars</li>
			<li>PoweredArmor</li>
		</prerequisites>
		<requiredResearchBuilding>HiTechResearchBench</requiredResearchBuilding>
		<requiredResearchFacilities>
			<li>MultiAnalyzer</li>
		</requiredResearchFacilities>
		<researchViewX>10</researchViewX>
		<researchViewY>5</researchViewY>
	</ResearchProjectDef>
</Defs>